id,title,total_likes,total_purchases,unit_price_in_usd
200019,Drift Day,6,205,5.6
200088,Bloc Party- The Prayer,10,751,0
200108,Charlotte Gainsbourg- Songs That We Sing,23,1964,2.5
200197,5@5 vignettes,8,119,3.75
200256,hurdy gurdy,7,236,4.15
200346,BIKE THE DRIVE MAY 27 2007,26,415,30.08
200354,Musical 5 X 5 X Ctd3,7,125,11
200371,the scrotum song lipdub,8,1382,13.56
200373,Elevator Race - Nath x Naty,8,139,13.58
200386,THE DAY OF THE TEST,38,1016,64.8
200403,shark dance,7,193,4.8
200426,DIY video light Test 1,7,3115,3.45
200433,My New Apartment,34,6477,27.6
200448,5 Vignettes,9,227,5.15
200526,Jump Around,10,142,4.27
200558,100 Digits of Pi in 30(ish) Days. Epi. 1: Accepting the Challenge,8,427,23.56
200587,first video with new camera,21,900,36.16
200655,Hitler,8,1604,3.24
200698,Eyelash,8,1375,8.96
200740,Letterbox,7,128,14.91
200779,Reminders of Then,7,94,2.36
200844,"Robert Reich's vlog, May 30, 2007",10,1812,7.36
200950,5 Vignettes,10,300,7.08
200957,Vimeo Chat,11,491,31.28
200987,5 Vignettes 1,9,170,5.68
201039,Chat Evolution,27,758,27.54
201068,Kite,148,134282,36.25
201071,5x5,10,100,5.18
201084,"Lip Dubbing-Kate Bush, Running up that hill.",9,307,10.44
201149,Vimeo Band 1.0,7,66,5.4
201155,Vimeo Sings! Star Spangled Banner,10,286,13.02
201188,Me Right Now,6,87,6.37
201204,Garden Party,202,9017,54.81
201234,My 5x5 Vignette,9,229,8.72
201290,The Arcade Fire (Laika) -  Sasquatch '07,7,156,1.96
201292,Bjork - Sasquatch festival '07,7,483,7.91
201302,i'm.  batman.,11,176,20.74
201342,Vimeo Sings! Bohemian Rhapsody,11,386,13.35
201359,Selftitled,7,714,3.8
201367,Five Vignettes,16,193,10.72
201378,Jaffa Cake advert dream,12,412,27.75
201536,5 Vignettes,8,255,2.24
201589,Hair: [Not] The Musical,10,4150,15.62
201635,Airships Fill the Sky / Unsimulatable preview,11,2011,1.56
201700,The Kitten Vs the Bird 10 Rounds,6,1114,0
201713,"Important video!Conference de Presse de Adnan Oktar (Harun Yahya), Istanbul, 25 Mai 2007-05-31/ Part 1",17,111,1.68
201728,"Important video!Conference de Presse de Adnan Oktar (Harun Yahya), Istanbul, 25 Mai 2007-05-31/ Part -2",12,95,3.32
201750,"Important video!Conference de Presse de Adnan Oktar (Harun Yahya), Istanbul, 25 Mai 2007-05-31/ Part-3",9,99,0.6
201765,"Important video!Conference de Presse de Adnan Oktar (Harun Yahya), Istanbul, 25 Mai 2007-05-31/ Part-4",12,76,1.06
201768,"Important video!Conference de Presse de Adnan Oktar (Harun Yahya), Istanbul, 25 Mai 2007-05-31/ Part-5",13,83,1.16
201830,"Conference de Presse de Adnan Oktar (Harun Yahya), Istanbul, 25 Mai 2007, Radisson SAS/Part-1",8,67,1.18
201839,HUSTLE,6,1357,5.65
201854,Chris at South of the Border,10,1032,4.55
201855,linesagain,7,293,0
201869,"Conference de Presse de Adnan Oktar (Harun Yahya), Istanbul, 25 Mai 2007 Radisson SAS Part-2",9,73,1.11
201917,Mini ramp Session,7,1571,3.45
201956,Visit to the Aerospace Museum,10,192,15.9
202001,cyrus,7,134,4.25
202026,Generico,10,573,8.55
202038,i could care less,30,311,37.8
202059,Ice Cream!,7,190,13.05
202067,Sneaking Into Graduation,10,1420,11.48
202080,5 vignettes: Transported to Hawai'i,11,152,12.76
202086,Buffalo! To the Moon!,109,2547,24.48
202147,"Conference de Presse de Adnan Oktar (Harun Yahya), Istanbul, 25 Mai 2007 Radisson SAS Part-3",8,39,2.08
202156,"Conference de Presse de Adnan Oktar (Harun Yahya), Istanbul, 25 Mai 2007 Radisson SAS Part-4",9,47,0.62
202161,"Conference de Presse de Adnan Oktar (Harun Yahya), Istanbul, 25 Mai 2007 Radisson SAS Part-5",10,61,1.01
202172,"Conference de Presse de Adnan Oktar (Harun Yahya), Istanbul, 25 Mai 2007 Radisson SAS Part-6",9,79,1
202188,5 Vignettes,6,126,2.55
202208,5 vignettes (3),11,160,2.48
202210,Meet Maddox Milo Morton,8,120,5.5
202219,Purpose - Lip Dub,57,1573,35.34
202233,Thinking in the Hammock,7,231,4.55
202247,Sadako And The Cranes,10,970,9.84
202329,Shadow World - episode 1 - resumes,6,95,6
202368,Life of BK #5:  Self Inflicted Nocturnal Cockblocking,31,1123,6.3
202392,vimiette two,13,164,5.85
202428,Two of my internet worlds collide,6,156,1.8
202466,Grandma's First Photo Booth Session,115,7260,53.07
202496,Me Right Now. 6-1-07 5:30ish,32,33319,25.9
202559,Walk This Way,6,227,14.72
202565,"Davey Dance Blog -1- VATICAN - Tom Waits - ""Chocolate Jesus""",28,5087,8.91
202572,"Davey Dance Blog -2- FIRENZE - Maroon Five - ""Harder To Breathe""",16,3987,7.98
202585,"Davey Dance Blog -3- PISA - The Beatles - ""Don't Let Me Down""",23,3310,6.72
202602,"Davey Dance Blog -4- FIRENZE - Vanilla Ice - ""Havin a Roni""",7,3542,6.42
202613,Davey Dance Blog -5- ROMA - Peter Bjorn and John -,40,3947,8.26
202617,7-May,8,177,4.3
202624,"Davey Dance Blog -6- PARIS - Katerine - ""Apres Moi""",61,4807,16.16
202634,5x5 = 26,7,128,13.65
202635,"Davey Dance Blog -7- ROUEN - Modest Mouse - ""Tiny Cities Made of Ashes""",19,2676,1.94
202662,What Jeremy Cowart Loves About Wedding Photography,6,1467,1.42
202677,"5...shit, 6",10,153,15.2
202688,I need a Job,13,146,16.06
202692,5 Vignettes,7,281,9.68
202803,5 Vignettes,10,220,4.27
202810,Lip Dubbing : Grace Kelly by Mika,7,338,5.6
202812,the fives,8,120,3.4
202845,Ed Pearlman,8,180,5.1
202916,Me-ow,8,114,1.32
203011,8mm & Super8 Film Experimental Collage,24,709,8.91
203014,ELECTRO NIGHT 2 - Martin's 24th Birthday,22,544,43.75
203066,Lip Dubbing: Andrew W.K. - Party Hard,15,531,8.76
203101,Yellow Spring,9,107,2.22
203104,Things I like,133,4763,211.75
203155,Particle Tree .........................................................................,13,933,2.76
203228,something about bandits,7,142,9.2
203254,My Brain ...........................................................................................,25,1550,10.62
203255,Kiki & the annuals,6,57,6.8
203301,Lip dubbing - Too Young,6,336,5.3
203306,I like my boomstick!,8,322,6.75
203338,Funny Balloon Baby,12,177,7.2
203380,Chocolate Flavoured Roflcopters,32,1768,15.84
203395,Rabbit Grooming,6,173,8.26
203411,my dad took my dog and i to the mall,21,290,44.22
203509,Stickam Strikes Again,7,197,5.04
203531,caribbean trailer,9,1014,14.28
203579,Fourth five by five ( 5 Vignettes),9,112,12.9
203678,"Davey Dance Blog - MONT ST. MICHEL - Modest Mouse - ""Float On""",32,3688,9.3
203698,"Davey Dance Blog -9- MONTMARTRE - The Postal Service - ""Such Great Heights""",57,4453,20.33
203702,"Davey Dance Blog -10- PARIS - Andrew Thompson - ""There Must Be Some Misunderstanding""",15,3602,2.94
203713,"Davey Dance Blog -11- LACANAU - Weezer - ""Across The Sea""",16,3104,3.72
203714,Bro',36,472,31.92
203719,Computer Sings About the Devil,10,1987,4
203723,"Davey Dance Blog -12- BARCELONA - I'm From Barcelona - ""Treehouse""",46,4270,17.16
203760,Mountain Dew.,7,123,3.72
203830,US Military Vs MySpace,13,110,4.98
203881,Beep (Noah Dancing),8,138,3.35
203904,"""Fuck"" and my mother.",8,6211,1.76
203919,Myriad --New Extended Opening--,12,184,14.08
203961,5 Vignettes II,10,225,3.54
203997,Tokyo,6,786,1.24
204043,"First Friday Art Walk, Honolulu, Hawai'i",11,466,19.44
204098,Lip Dub - My Moon My Man,52,1378,71.5
204248,5 Vignettes - Brooklyn Saturday,12,1437,4.69
204263,5 Vignettes,7,174,0
204275,Tangible Sequencer French Counting,12,633,0.63
204290,yoshimi.,6,133,4.2
204291,Kraak & Smaak - Money In The Bag,8,397,0
204310,Army Men Melting Ritual,33,577,24.44
204346,Hello,15,155,14.16
204366,RIP TAK(e) IT IN,6,105,2.22
204535,Too Many Tacos?,9,435,21
204588,meshdeform,8,655,3.92
204608,5 vignettes,6,254,8.82
204647,Sick Throw,136,61420,39.24
204657,Fall From Grace,6,240,6.84
204658,Sam Reich: Professional Baller,31,7960,27.81
204756,The Worldâ€™s Largest and Most Engaging Aquarium,7,706,3.75
204759,useless overdubs,8,132,3.96
204829,Dotally Bike Ride,8,64,19.36
204940,DEMOLITION,7,186,14.98
204975,Backroom Terror,8,212,11.62
205020,craig getting shot with an automatic bb gun,11,2621,6.02
205158,Holwerdaaaaaaaa!,8,254,7.36
205255,lipsync funiculi numerick,7,430,6.55
205316,A Day With Hagatha,17,550,34.32
205397,Tattoo,142,95490,43.86
205446,Lucidhouse vs D.A.R.Y.L > live at the Loft with MICROCHUNK,11,513,7.74
205547,Gangster,9,273,6.42
205599,drat drat,12,159,16.8
205649,451: North Carolina,6,317,2.4
205670,Vimeo Meet Up Invite!,21,2917,49.02
205716,Wound Up,62,1390,46.41
205757,After the rains,7,89,4.2
205773,Untitled,46,1089,27.94
205829,The Call,6,233,18.7
205836,Atlantic City!,6,251,6.18
205855,"Gabriel Teodros ""No Label (Esma Remix)"" Music Video",6,528,0.84
205859,Puddles FiVe bY FiVe ( 5 Vignettes ),6,106,2.85
206000,1983,17,108,19.57
206032,Frisbee Air Bounce,10,1215,7.74
206052,My 5 Vignettes 01,10,127,13.1
206057,40x1,17,182,18.4
206071,My 5 Vignettes 02,8,150,3.72
206083,sunday trailer 2,9,8423,3.33
206200,Lip Dub (duet!) - Nothing Better,120,4711,71
206274,Randy Jones @ MUTEK 2007 _ [tV],6,258,3.9
206349,A strange occurrence.,6,361,1.74
206373,mongoose,7,269,10.71
206401,Placebo,8,210,3.21
206443,"Dogs That Shoot Bees From Their Mouths When They Bark...Ok, Not Really. It's Just Bees.",6,203,6.6
206452,TO THE USERS OF VIMEO,97,1191,77.22
206457,BattleShip,142,82228,26.8
206474,"Me Right Now - June 6, 2007",14,532,26.4
206601,1st,7,168,7
206671,Scruff_E_Guy's Voices Part D'oh...Contemporary Culture Moment,6,90,10.32
206723,Rocking Out,6,82,2.76
206725,...My Problem with this Microwave...and an apology,26,355,18.75
206787,my taco flavored kisses,6,3901,9.6
206822,My 5 Vignettes 03,12,114,3.04
206823,My 5 Vignettes 04,12,118,2.24
206825,My 5 Vignettes 05,13,137,0
206826,My 5 Vignettes 06,16,163,10.71
206876,Kalaharjo Pictures Intro,9,143,9.75
206902,chicken bump 04,9,105,1.6
206991,street slinger,6,93,3
207016,Lip Dubbing: Since U Been Gone,14,1321,6.6
207025,The more you try to erase me...,7,1064,0.92
207102,Birth Year Project- 1964,12,204,28.75
207105,7-May,8,117,2.26
207118,Contemporaneous Architecture with Gary Gehry,17,1552,15.34
207132,Shakesperian Thriller (fixed),8,270,10.78
207218,"bringing ""oua-oua"" back",10,303,6.44
207249,Born In To This (1969),13,157,15.73
207261,Five Vignettes,10,139,0.65
207265,5 Vignettes 2,9,119,2.34
207277,Enough Stones: A documentary about Homer Shadowheart,21,490,24.32
207339,volando cometas,7,176,7.8
207340,Things I dislike,47,1121,57.42
207366,Daughter's First Video Editing,30,1237,17.5
207406,desperately seeking a few good men,8,184,11.04
207407,In the Stonework,11,117,11.25
207502,"Davey Dance Blog -13- AVIGNON - Jean Sablon - ""Sur le Pont d'Avignon""",17,3093,4.98
207506,"Davey Dance Blog -14- VERSAILLES - Otis Redding - ""Satisfaction""",40,4294,4.86
207507,okee dokey,8,93,7
207511,"Davey Dance Blog -15- PARIS - Sir Mix-A-Lot - ""Baby Got Back""",49,5083,10.08
207525,"Davey Dance Blog -16- AMSTERDAM - Jackie Wilson - ""Your Love Is Lifting Me (Higher)""",42,6696,11.88
207537,"Davey Dance Blog -17- ANNE FRANK HOUSE - Michael Jackson - ""Smooth Criminal""",43,3922,14.4
207684,Radio Edit,6,97,1.56
207690,5x5 (5),11,136,4.88
207709,Cinco minivideos,11,190,12.1
207717,everyone's best friend....,16,250,30.42
207721,"Davey Dance Blog -18- BERLIN - Cold War Kids - ""We Used To Vacation""",34,3403,7.56
207723,"Davey Dance Blog -19- BERLIN - The Beatles - ""Back In The USSR""",13,2675,8.54
207727,The Other Mummy,20,180,14.76
207730,"Davey Dance Blog -20- BERLIN - Bruce and Bongo - ""Geil""",25,2632,4.62
207737,"Davey Dance Blog -21- MAINZ - Simian - ""Never Be Alone""",37,4273,16.77
207744,"Davey Dance Blog -22- OPPENHEIM - The Arcade Fire - ""Windowsill""",8,2738,6.15
207778,what we do at newport university,7,162,6.4
207893,LipDub - Undone - Weezer (in Paris),299,103273,122.04
207927,lipdub: Final Fantasy remix of Stars - Your Ex-Lover is Dead,7,444,10.56
207942,LOL,23,2275,34.3
207982,huge poptart,7,313,3.45
208039,Centre Le Corbusier,8,409,0.93
208041,2cts Holwerda,9,95,5.39
208051,One Minute of Zurich,10,300,3.9
208107,Island in the sun - Weezer Lip Dub in the sun,25,1027,32.4
208124,oh Canada,9,184,5.28
208156,LipDub FOREIGN LANGUAGE,9,274,11.6
208164,Beer,209,209158,43.65
208238,Prank turned Gift,6,129,5.46
208278,Inside the Mind of Scruff,6,124,9.52
208287,genesis giving victoria her flower,8,152,13.97
208292,for victoria,9,165,9.24
208322,Holwerdaaaaaa,6,120,5.04
208390,Davey Dance Blog -23- FRANKFURT - Tenacious D -,17,3371,5.4
208446,"Davey Dance Blog -25- MAINZ - The Blood Arm - ""Suspicious Character""",29,2971,3.95
208491,Spanish Reggae (I'm diggin' it),18,381,28.05
208594,Shook - Over the Pond official trailer,10,9505,4.08
208615,The Bat,28,460,24.08
208718,Vegas Rules Promo,8,275,14.56
208745,Lipdub: Slow Like Honey,9,323,26.25
208754,Heaven,47,849,29.93
208807,_silent_walking_B,15,141,13.32
208982,UP UP AND AWAY,32,599,52.02
209026,Things I Like,34,1035,30.3
209049,trying to sing Maggie...,7,135,13.86
209303,A Graduation,12,298,34.32
209372,Lip-Dub: Alkaline Trio,7,805,1.16
209415,5 Vignettes,12,146,16.94
209436,Audrey & Rayne: Swimming,9,356,8.5
209526,Shadow,10,146,13.26
209531,Cicadas,8,195,13.2
209533,Walk,6,154,17.28
209569,Wormhole,6,126,2.94
209573,"Congrats to Jakob, Zach and Duplo on your 60 Minutes appearance!",17,332,32.67
209625,Sorry Alex,8,172,11.61
209637,Portland Vimeo Meetup,22,952,43.55
209668,Birth year project - 1959,15,157,12.6
209670,Bamfafied,8,270,4.55
209676,Marsh @ Sunset,15,93,19.84
209685,90s Party - Part 2,6,235,2.13
209724,Negotiations Trailer,8,172,2.62
209739,I Never Thought You'd Come & Go,6,152,6.23
209909,"Why I Like You (chriskalani, themarkpike, PEIKA, BikiniArtist)",28,527,36.8
209940,Animation Demoreel - June 2007,6,945,3.12
209954,Ping Pong,155,59868,47.25
209957,Dog Watering,11,130,21.85
210030,hamster wheel,9,295,5.4
210055,Why I Like You,16,243,26.24
210211,Alain and Ann dancing lindy hop,6,301,0.81
210222,Outside,6,130,3.84
210242,lip dub Saturday,6,452,6.84
210283,Daisy - Water Fun,14,78,14.72
210303,KNUT | Neon Guide,9,478,0
210306,Sunglasses,158,158761,25.38
210310,1976,26,432,34.02
210333,Low Maintenance,11,159,12
210563,prepping elsie for the ride,12,194,17.03
210581,Tree animation!,9,476,3.99
210609,"it's tomorrow, SOMEWHERE",18,187,13.44
210689,first week of summer,7,4591,4.75
210770,Keith Kin Yan mograph/VFX reel 07,9,552,7.7
210799,Close Act : XL Insects,9,575,3.21
210809,lip dub: scenario 90s party,19,954,34.65
210815,Brownies,12,182,9.5
210824,DSC Promo 2,8,3837,2.25
210919,Klingatrons Mitchell Alley Stencil,7,234,2.64
211009,to(ro)nto,7,115,5.55
211053,Dana's Stand-up,6,643,3.16
211104,Video of the Week: Walking Around,22,1757,24.96
211277,Lip Dub - Mariah Carey Fantasy,14,302,5.84
211395,Happy Birthday PEIKA!!,8,141,17.78
211405,Vimeo Education,8,147,14.08
211406,100,17,194,31.68
211430,silly project: OBAR,8,225,15.68
211435,Goalproving - Apple Store (Step 1),19,617,40.59
211448,day 1,6,102,11.97
211532,The Preparation (Bonnaroo Music Festival-- Part. 1),6,324,18.2
211579,Inchy,22,178,8.96
211604,Painting in the Basement,11,186,2.2
211624,vodkawater: can you answer me?,6,482,3.88
211666,rope swing!,7,501,14.64
211680,"Birds over West Lakeview, Chicago, IL",10,195,5.11
211691,Peephole,10,490,3.72
211709,I'm being nerdy again!,8,79,3.5
211713,The Lament of Tom,6,98,5.7
211765,1996- The Year My Son Was Born,34,402,32.16
211834,Excuse Me,411,62819,109.22
211889,Soda Chaos,10,1041,16.94
211906,Bathroom tour: Padded Bras,9,601,19.04
211933,"The Candy Song: ""Charlie the Unicorn"" Lip Dub",19,666,17.55
211937,Together We Stand,10,126,5.36
211981,At Work,7,146,11.34
211999,In Favor of Nutrition,61,645,55.25
212002,Popping Bubbles,7,108,2.13
212100,VOTW: walking around,8,64,4.86
212105,CV:10SQ: Living on a TV set,58,3994,37.8
212122,Worker's Block for Posalooty,23,177,11.4
212154,Weapons,131,120307,42.24
212164,Animation,6,1110,0.7
212246,The Other Car,12,162,10.4
212286,Memories of Fantasies Forgotten,177,5976,67.34
212295,Insomnia,8,83,10.2
212305,BOX,9,235,21.28
212344,Way-to-Work Fun,9,316,6.93
212350,Double Dutch,6,141,5.45
212355,Video of the Week: Walking around(kinda?),6,165,10.89
212360,Rhododendron 5 X 5,7,87,7.15
212383,My Work Day by Mr B,7,63,14.28
212424,A tragedy,6,218,14.4
212464,Vimeo Resolution,7,488,13.97
212470,Holwerdaaa! - GH2 Style -,6,298,6.23
212723,Nola Chaplin,7,213,4.2
212885,OWOOOOOGA!!!!,8,178,10.78
212907,Memories // the ocean,48,11928,32.39
212932,A Whole New Lip Dub,259,14337,87.36
212987,Word on the Street,46,2144,36.63
212993,1962,9,92,10.72
213013,"One Minute of Geneva, Switzerland",8,121,4.86
213035,family fauxtograph,8,185,2.85
213073,The Joels Talk Video Sharing Sites,14,135,10.71
213087,"One Minute of Bern, Switzerland",9,277,9.92
213088,"Inspiration, where are thou?",22,322,36.27
213122,Trick on Gert,10,637,9.24
213128,Don't miss your train,31,1717,47.6
213301,Too Many Puppieeeeeez,15,478,27.72
213371,Pamplona,33,368,24.72
213406,Sabotage Beastie Boys,24,1806,27.26
213418,Christopher! Do you want to see my pineapple?,6,66,1.94
213430,Making fun of Andy Goldsworthy,6,561,3.35
213433,What I think about YOU (project),40,516,27.36
213465,Strange Fruit : Absolute Pearl,25,1641,5.04
213538,Whole Foods,11,1631,38.13
213572,bean bag assembly line,6,80,1.15
213635,Bobby Brown Goes Down - Lip Dub,10,158,7.26
213678,Last Bob Barker TPIR Ever,25,413,48.64
213708,Why I Like You,6,227,25.74
213710,What I Like About You (Project),12,203,16.8
213745,come back fuzzy dave!,18,236,30.69
213756,Richard Moross of Moo.com,9,637,4.97
213760,Boys Vs Girls,9,1682,12.32
213762,Train Journey,19,221,27.2
213790,Last Harvest,7,287,1.54
213796,street performance in victoria,13,177,10.3
213810,pencil_Evanildo_1,7,252,0
213812,jenga,17,305,26.8
213826,Jakob and a Rebecca hanging hard,44,10408,30.8
213831,Streeter Loses It,84,19528,36.63
213919,Throw Away,6,3039,4.64
214019,Boys Vs. Girls,290,76433,170.3
214047,monkey's butt is red,237,26065,58.42
214054,"Liszt, Feux Follets, S.139, R.2b, #5",22,3530,6.09
214102,Scruff_E_Guy's College Years,6,127,11.9
214337,Condemned US Customs Office Tour,6,153,6.96
214431,Broken Brakes (good bad),7,221,8.36
214435,Barenaked Ladies Lip Dub on a mucky Day,9,310,18.87
214486,text message,7,188,16.12
214492,"Facial Expression Commentary - ""Teachers""",6,292,1.34
214497,A tour of my new apartment,7,399,12.98
214502,What I LIKE about YOU,35,765,47.16
214512,Head Dub,10,739,4.38
214556,Birth Year Project: 1981,16,173,39.68
214566,Dune Buggy,9,447,7.2
214600,Video of the Week: Walking around,9,355,18.24
214604,Music Tree,6,445,2.06
214605,Zooomr Sticker Making,9,1390,5.88
214640,lol,6,1313,3.24
214643,Why I like YOU!,28,542,91.63
214723,Looby Needs A Vacation!,17,343,26.25
214744,Happy Father's Day!,10,147,20.91
214790,5x5 (6),8,141,4.4
214858,trick on wes,6,145,12.1
214875,niki croft seventies promo,6,2712,0
214887,"Snowed in at The Valley Hostel in Lauterbrunnen, Switzerland",9,252,4.16
214897,Walking to the Waterfalls near Lauterbrunnen,9,403,5.64
214911,TrÃ¼mmelbach Falls in Switzerland,7,529,5.81
214954,"what i like about YOU (dalas verdugo, AA, bednarz)",9,326,26.52
214997,"""Red River, Straw Hat"" Scott King",12,147,18.76
215000,World's Shortest Radio Program,8,105,12.72
215011,VW Club Cruise,19,497,26.18
215199,the epsteins & friends goto Louisiana,6,303,8.1
215216,Town fest (Fete dans la ville),22,660,53.6
215328,Sunday is Motion day!,10,840,6.21
215329,Leekspin Remix,6,996,3.35
215354,Disney Dub: What's This,10,222,19.35
215427,Artifacts,10,116,9.28
215455,Resting on a Sunday afternoon,7,158,12.5
215484,10sq - Andre - Which superhero would you marry and why?,10,235,6.6
215510,"""Officer Kincaid"" Scott King on the show",7,157,4.2
215539,WHAT I LIKE ABOUT YOUS GUYS,9,286,24.13
215562,My Self Indulgent 50th Clip!,13,89,13.3
215677,the energies of your lives will blend into harmony and oneness,7,175,7.29
215729,Web 2.0 y EducaciÃ³n,8,6551,0
215773,2007 Father's Day Crawfish Boil,7,171,1.86
215848,Maryland,36,1522,45.98
215850,Wii Remote + Processing,10,3352,2.52
215892,Kickflip into grass,8,3441,7.28
215917,flip cup,9,773,17.04
215930,Park Discovery!,6,114,11.8
215951,Roselle hd,8,2642,1.98
215972,Porcupine Tree - Fear of a Blank Planet,11,879,0
216012,Ghosthustler - Parking Lot Nights,41,5189,20.4
216025,Dane Cook Lip Dub - Dream House,38,1350,25.3
216104,Video Dating Rejects Project,60,2625,64.08
216128,Lutheran Hospital's first kidney transplant,6,2305,5.67
216154,A long Dream,9,98,8.84
216186,Vacation,22,149,15.2
216237,First test with both chars in temp set.,11,239,1.98
216250,50th Vimeo Clip!!!,39,1175,44.08
216297,Caterpillar Trouble,10,207,6.18
216365,These Cats are Awesome,7,123,6.06
216379,Annie are You OK?,6,695,7.98
216391,Things to do while in Japan,8,225,8.37
216429,how we talk II,6,207,4.8
216545,PDX Bike Ride,6,139,3.99
216551,Intellectual Masturbation,14,189,32.13
216578,Thug Life Jamesy from the LBC,6,216,2.2
216807,Shaking Heads,10,720,10.8
216812,man kan bara ana!,9,192,8.55
217000,Baltimore,9,343,28.52
217008,Vanessa's Dumpling House (14st between 2nd and 3rd),32,10682,21.85
217023,coca cola,6,1383,1.35
217029,DeliciousSandwich.com !,77,23843,51.48
217074,NSF 3 First Trailer,6,1451,1.32
217114,What I Like About You Project,14,280,27
217116,Jive Bender,8,118,10.4
217150,"Tom, Flow",8,242,31.59
217227,Momentary,9,233,9.6
217265,Attention! Achtung! Atencion!,6,4482,4.8
217322,Me Interfering with Migration.,19,301,37.62
217329,silly marshmallows,6,108,10.34
217335,he loves me (not),7,150,5.5
217403,Kingda Ka,8,2352,5.36
217427,"My Main Concern on June 20th, 2007",12,152,18.88
217443,Faneuil Hall Effects,8,132,4.86
217494,One Joel Attempts A Lip Dub,58,353,92.4
217499,Belly Laughing Baby,11,186,11.22
217550,What I Like About You,96,6314,87.6
217565,My First Commercial Ever.. aww.,6,604,2.62
217570,Frisbee Afternoon,56,1446,24.15
217572,Foundation - Cataclysmic Abyss - 9. Corey Duffel part,11,3745,3.81
217583,How to make a crappy video good!,9,278,6.21
217619,Wired for Sound!,6,337,4.48
217653,Stuff,7,560,6.7
217778,things that make you go aahh!! : Spiders,13,331,33.25
217795,Me Out to the Ballgame,11,130,18.18
217796,Badmalone V Jesus,17,153,18.5
217813,Bang Bang in the Anus,9,1748,8.8
217853,La la la lalala,8,121,4.04
217893,Elementary my dear Watson !,88,31161,47.04
217896,What's BustedTees?,100,15294,64.19
217912,I wish,10,215,4
217915,Sounds like...,7,201,2.31
217931,One chew pwee paul pie pshiiit seven !,20,5177,6.96
217990,The Clock,10,188,10.56
218029,Canadee-i-o,6,622,4.2
218092,Nectar,11,146,24.6
218108,More Music @ the Moore 2007 Short Documentary,24,304,31.72
218148,ring of fire,8,199,22.78
218195,Roller Disco at Studio B / SEAN'S ROLLER BIRTHDAY,6,166,13.2
218305,Dramatic Jackson,7,425,2.04
218341,Immigrants,10,592,6.65
218414,Bad french lessons - The colors,20,282,14.58
218463,Stuck Inside My Head (Project),8,160,14.19
218529,DATA: RECORD-SPLINTER-SCRAMBLE,19,818,6.72
218576,Marmite/Marmot Educational Experience,10,167,11.1
218584,Arbol Sex Mex,394,20791,28.8
218599,Evening Sky Ride,8,86,17.68
218601,Lights on September 11th,10,232,2.55
218609,Trails Documentary,8,1022,5.04
218620,Nightmare Clown,57,12609,35.26
218691,Dramatic Us,147,50841,44.88
218742,Week end in the south,25,247,37.06
218766,free hugs,6,156,11.97
218814,Goalproving - Apple Store (Step 2),9,255,19.72
218839,Dramatic Chipmunk Re-enactment,12,13987,10.2
218866,Miss You Kansas,6,117,3.3
218872,Thought Space - What I Like About You,38,701,29.76
218877,happy summer!,70,6121,128.96
218881,CollegeHumor's Hottest College Girl Party 2007,40,11076,23.1
218959,Lip Dub - Remedy,30,1459,33.21
219007,zoetrope,6,1493,0
219054,boob love,17,15917,31.32
219134,Touch A Star,7,66,12.22
219141,Things i like about you!,9,1383,15.21
219156,DayByDay Month 1,6,115,14.56
219237,B-Rated ep. 1: The Wickeds,7,597,6.65
219286,Nanook of the North Rocks the Party,17,538,6.75
219323,DeliciousSandwich.com Commercial #2!,67,21418,39
219364,5 vignettes,28,633,31.82
219399,On The Way To The Post Office,8,145,15.12
219429,5 Vignettes,21,391,26.68
219430,Special Announcement,7,110,18.4
219455,Baby Joy Division,10,1202,3.48
219460,Workin On Sumfin,19,93,24.57
219498,5 Vignettes,7,127,3.4
219507,Lava...Hot Lava!,9,319,3.24
219525,Today in Our Backyard 062207,8,119,12.39
219563,jay z,6,622,2.64
219592,Snakes on an Obar,8,120,15.2
219598,Chris gives advice,6,61,5.52
219627,The Beginning,17,147,12.61
219633,Nate & Jer - Nickel Creek,7,84,5.64
219642,Morning,9,133,13.2
219690,Dance Nathan Dance,10,380,12.12
219693,Artery: opening test 2,7,109,2.4
219724,Switzerland - Coop Supermarket Buy,12,496,15.99
219762,attempts,8,258,5.75
219771,Dancing with Iraqis,9,969,4.55
219790,Omnibus,10,1135,0
219887,Downtown,7,106,7.08
219911,Panda Bear 6/22/07,7,1000,0
219920,The Swarm!,34,1795,32.4
219975,KITE / COMETA,26,555,44.4
219993,Money,6,165,10.78
220034,Dan Deacon @ Holocene,9,234,11.18
220093,Bottling Kombucha,23,1144,27.14
220131,Four Fifty One Tour: Memphis,6,390,2.22
220135,i believe in traveling light,37,416,39.48
220272,Sunday Morning,9,181,7.1
220329,finding jchap at shibuya station....,10,152,24.6
220356,a brief encounter,8,224,3.15
220413,Rebel without a cause,6,174,9.6
220456,Catch It,6,302,0.69
220474,Amiens' Cathedrale : Part 2,14,183,27.6
220502,dog meow movie,7,150,2.43
220509,Predator,11,250,33.54
220568,Bumblebee,8,131,9.76
220721,5 (cloud) Vignettes,10,144,6.66
220790,Je n'aime pas ta copine: Stuck in my head project,7,199,18.63
220890,What I Like About You,9,138,16.2
220904,Apartment Party!,42,1785,33.48
220937,Coffee & Rap,31,447,26.68
220943,MORE FUN THAN YOU CAN SHAKE A STICK AT,18,201,17.4
221057,CK,9,1069,2.13
221073,Working on a corkscrew,8,575,10.01
221082,Roadtrip: Day 1,9,566,15.24
221089,Ka-Boom,7,81,4.32
221133,Little Bums,6,194,13.86
221179,A Pam Style Video Blog,6,142,13.6
221215,Apes and Androids - Hot Kathy - Two Drummers!!!!,6,224,0.71
221229,the undergrowth,22,204,24.82
221233,Talem Cowart SixtyFold Commercial,9,1106,0
221243,Epuron Wind,10,943,0
221274,Step By Step Guide To Eating Vegemite,17,274,26.22
221342,Golden Gates,7,240,4.4
221351,Beach Etiquette,6,681,9.03
221373,Soy Delfino,6,240,15.68
221408,Duplo Jump,6,707,9.23
221433,Adventure in the Trailer Park!,20,438,20.9
221495,The apple of my eye,32,7201,41.16
221563,how to whistle using your fingers,28,6231,59.8
221620,Showing the kids how its done -- by Ryan Brown,16,415,21.56
221624,Apocalypse Now and Then,10,230,9.72
221686,"The Rapture- ""Pieces of the People We Love""",47,3868,5.22
221689,LOOBY'S 1st VACATION,30,253,34.98
221693,"The Rapture - ""Whoo! Alright! Yeah! Uh-huh!""",101,6765,21.25
221721,"The Rapture - ""Get Myself Into It""",30,3399,0.61
221737,Too Many Puppies,9,300,5.55
221744,Rapture Tour Promo,10,575,0
221751,5x5=3,6,143,9.2
221761,Camping,13,81,53.32
221786,Are You Scruff Enough?  (Campaign Advertisement),8,116,27.82
221791,Deaf and Blind: Street Granny Hustlaz,25,318,22.42
221800,Jacob Riis Park,22,3406,24.18
221815,High Definition Montage,6,607,7.12
221907,Reptile Planet,14,176,4.72
221938,uuhm... singing?,6,102,9.76
221999,Girlfriend: Rap version,9,409,31.59
222077,Karma Chameleon,12,186,4.3
222079,Overnight Celebrity - Beach Lip Dub,43,11094,30.72
222174,Destiny Calling Done Backwards,13,220,11.07
222190,Please Support Zooomr,6,799,1.88
222297,Dancing Lemonhead!,6,241,6.65
222299,PPPPPPPPPPPTFSY 68898_----_,7,238,2.64
222339,i wonder what babies understand,6,155,7.74
222521,Irrational Fears,8,509,1.96
222531,launch,108,1778,92.43
222536,Kansas. hairnet. mustache.,6,74,10.53
222582,Nokia N95 ad,52,3895,42.84
222587,The Joels Talk About V5 Of Vimeo,26,140,35.37
222758,Weather,8,150,6.79
222838,3 clips from Glastonbury,6,284,13.3
222906,Mega Monopoly: A Tour,9,245,4.76
222913,Reggie Watts: Little Pumpkin,71,3647,36.9
222923,cutting tapes,6,348,2.54
222937,The City,57,1426,32.56
222974,Pizza Infinity Audio Podcast #005 Video Supplement,8,237,8.82
222994,Nokia - Connecting People,10,392,6.3
223151,duplo's new Vimeo intro,101,458030,97.37
223159,Vimeo Bros,23,138,29.64
223186,Breakfast Is On Us.,6,674,5.7
223218,Monkey & Bear,9,378,4.34
223233,Two Cute Nieces (Ted!'s),6,155,5.64
223264,Interview: Guy Waiting for an iPhone,6,706,7.65
223297,Broken Wing (portion) Rex Fowler,6,74,4.48
223321,Editing,170,82221,59.89
223340,Swimming pool fauxtograph,10,262,2.32
223359,Curse ov Dialect - Bury Me Slowly,17,781,4.16
223363,LoobyÂ´s Fanpost,10,47,15.47
223368,motion graphics,9,1151,0
223374,Jump in,16,188,8.16
223406,Lulu Mushi - Cartwheel,10,498,1.95
223412,Invention Freestyle,6,68,5.12
223431,the old man is snoring. and so are we.,11,198,5.28
223473,Momo in holidays,18,200,36.12
223505,A Better Way to wrap headphones w/ Music,19,17368,0
223575,Bus,7,215,7.74
223578,Grandma,6,91,14.42
223605,Iceland,9,642,2.66
223616,Fish Twitch,6,151,13.56
223648,Lip Dubbing - China,19,774,24.51
223661,,9,595,10.92
223691,Caural - Lake,8,353,2.02
223705,Boy In Static - Where It Ends,6,161,0
223734,haircut,7,112,6.02
223767,Clue to Kalo - The Just Is Enough,7,110,0
223789,One week and no blogs later...,16,344,12.76
223791,paper airplane assault,48,1107,27.88
223837,The Nothing Something Funny Continuum,12,130,16.83
223863,All Shook Up: Looby Fan Post,8,94,8.33
223868,,6,77,1.89
223916,Gonna Be A Star,11,99,32
223965,Time Lapse: Baconator!,8,296,12.15
224048,A Seagull Eating A Rat.,13,474,77.72
224143,Shell Ferrari Formula 1 commercial,9,2962,1.7
224188,I love you so,97,2958,80.6
224196,The Journey (Bonnaroo Music Festival -- Part 2),8,174,20.52
224227,Helmet Hair,10,131,2.28
224346,Ã‰CUREUIL / SQUIRREL,37,593,70.62
224356,1977,8,223,7.26
224361,Five thoughts,31,240,35.26
224362,Gold Cup Final,6,209,15
224368,The Floor Is Lava,106,4544,36.72
224430,Remi Bakkar Demoreel,6,161,3.96
224450,Sample from Terminal01 Installation,7,376,2.5
224452,Loader,13,169,7.44
224545,A fond farewell to a friend,18,149,20.32
224885,Bridge to Ballyhoo: The Story of Sakuzaku's iPhone Acquisition (Part I),8,136,2.06
224962,four and breeze,6,108,4.1
224971,Big Animals,35,311,30.8
224990,Nightmare Deli,21,328,31.04
225009,Red Velvet Cupcake # 1,7,198,21.06
225020,Vacation,10,84,11.85
225044,Vignettes 1,9,384,5.05
225098,Cloud  Timelapse,10,329,5.2
225119,Ryan's dock handstand,10,1338,9.48
225137,RiviÃ¨re-aux-poule,19,118,20.02
225213,Song,327,102434,84.7
225334,Relax - Mika,7,420,4.44
225408,Wings and ripples,6,122,11.61
225432,The World History of the Orange,18,464,4.9
225513,Voronoi Video,10,4092,6.8
225563,Dev Works It w/ Special Guest Sarah,49,4433,18.3
225610,"The Be Good Tanyas ""Human Thing"" ",6,618,5
225662,So dumb.,32,578,60.26
225712,For Sarah's Birthday - Papas Fritas,16,425,14.82
225725,Michael Nakajima Video Blog: The Application (with English Subtitles),18,167,18.7
225747,iPhone first call,6,115,8.96
225760,rooftop mola dance,6,565,1.17
225776,Carla Bruni et Jean louis Murat,6,469,6.45
225889,Vimeo 5 Vertical Clip 02,11,87,5.22
225939,Vimeo Version 5,8,83,3.96
226049,Projet Anniversaire Sarah - Herman DÃ¼ne,6,129,0.64
226051,Freaky Friday,31,648,53.55
226100,OFF THE FIELD,10,5469,1.11
226307,Chase!,7,92,4.06
226421,OBAR vs NOA: Dance Off!!! (obar's dance),14,118,11.34
226446,beware of simon,8,140,25.46
226458,SSD 2097 (english subtitles),10,371,3.76
226621,squeeze toys,19,1282,29.26
226650,Untitled,6,54,6.48
226693,Thinking Out Loud: Volume 1,44,486,24.99
226751,Round,10,477,5.04
226855,Instrumental,14,198,25.92
226862,iPhone: Now Playing - Not Vimeo -,9,167,14.56
226883,duelers,146,4814,31.44
226921,Just UPSin' It,116,3247,62.4
227028,Roadkill,14,126,11.85
227095,Ride up,8,112,12.2
227096,Arcade Madness,6,50,3.84
227126,A mix of Time-Lapse's,6,207,2.64
227260,Seville girl,7,313,8.85
227346,Armbreak,7,180,4.56
227357,fast mo: sometimes i can move very quickly,26,280,15.15
227417,Focus   (read the caption first),45,1291,21.78
227450,MyBlogLog Founders at TechStars,15,3029,3
227487,"FuzzyDave, You Are Missed",56,824,61
227491,31,18,532,102.06
227581,5x5 Boardwalk,6,282,6.12
227697,Foot Race!,8,188,4.41
227719,HVX Test 1,21,822,26.39
228038,Sasquatch,8,67,13.8
228061,Fauxtograph,10,2724,5.82
228080,Nonsensical Ramblings Late Sunday Night,6,75,22.22
228144,ThE AsTRoTriPPeR,10,381,4.92
228169,35 seconds of street,10,2450,1.78
228239,CONTINUUM,40,211,26.6
228244,Smilin' face - Gnarls Barkley,36,631,53.04
228326,Franz Ferdinand,24,840,39.93
228333,Lip Dub - Semi Charmed Life,31,642,39.9
228341,The day my wife met Mark E. Smith on a train.,25,754,38.11
228345,On my way to work ( under the umbrella ) 070702,6,74,3.54
228474,Apes & Androids Live in Wellsville NY,6,421,13.2
228499,Pure Evil,10,158,7.04
228523,Lipdubbin': Tymps (The Sick in the Head Song) - Fiona Apple,22,1151,74.97
228538,RepRap X Axis Lives!,10,2200,3.99
228568,Riding bikes with Dad,7,168,7.7
228698,5x5,6,415,0
228699,Why I like you (What I like about you),37,720,48
228823,A few of My Favourite Things...,25,804,24.75
